"","...1"
"1","slavishness"
"2","abhorring"
"3","passivism"
"4","discomfits"
"5","consequentialist"
"6","judgmentalism"
"7","niebuhrian"
"8","ressentiment"
"9","constitutionalize"
"10","exclusionist"
"11","cravenness"
"12","postmodernists"
"13","arrogation"
"14","caviling"
"15","essentialist"
"16","heterodoxy"
"17","absolutist"
"18","irreconcilability"
"19","unilateralism"
"20","exceptionalists"
"21","charlatanry"
"22","intransigently"
"23","reactionary"
"24","exceptionalist"
"25","instrumentalization"
"26","burkean"
"27","delegitimation"
"28","quietism"
"29","misandry"
"30","vulgarisation"
"31","declinism"
"32","particularist"
"33","establishmentarian"
"34","contemptuous"
"35","monarchism"
"36","temporize"
"37","bureaucratisation"
"38","pusillanimity"
"39","presumptuousness"
"40","deracination"
"41","russophobic"
"42","sneered"
"43","mad"
"44","exasperated"
"45","sympathic"
"46","exclaim"
"47","maddens"
"48","incredulous"
"49","disconcerts"
"50","discomfit"
"51","schoolmarmish"
"52","disdainful"
"53","insolent"
"54","amused"
"55","angry"
"56","indignant"
"57","cringe"
"58","unnerving"
"59","annoyed"
"60","blunt"
"61","thickheaded"
"62","riled"
"63","sneering"
"64","bemuses"
"65","smirking"
"66","gleeful"
"67","scold"
"68","taunt"
"69","infuriating"
"70","nonplused"
"71","overcritical"
"72","bewilders"
"73","brusk"
"74","dismissive"
"75","appals"
"76","baffling"
"77","blabbered"
"78","mocking"
"79","overthinks"
"80","peeving"
"81","obnoxious"
"82","flummoxes"
"83","hysterical"
"84","blasé"
"85","unhinged"
"86","wince"
"87","ascerbic"
"88","pshaw"
"89","grumbly"
"90","snickered"
"91","intellectualise"
"92","traumatises"
"93","sarcastic"
"94","gabbled"
"95","unspontaneous"
"96","paranoid"
"97","hurted"
"98","disconcert"
"99","chortled"
"100","nakedly"
"101","cheerfully"
"102","clownishness"
"103","totalistic"
"104","mythologise"
"105","carpers"
"106","sanguinely"
"107","nannyish"
"108","hedonistically"
"109","mealymouthed"
"110","tolerantly"
"111","scornful"
"112","forgivingly"
"113","uncomplicatedly"
"114","puzzlements"
"115","sneers"
"116","mockable"
"117","undogmatic"
"118","harrumph"
"119","sentimentalities"
"120","unthinking"
"121","truculently"
"122","unacademic"
"123","repugnantly"
"124","unaccepting"
"125","shameful"
"126","calumnious"
"127","hyprocrisy"
"128","dishonest"
"129","immoralities"
"130","demonising"
"131","hypocricy"
"132","grotesque"
"133","unpatriotism"
"134","gadaon"
"135","hyping"
"136","sensationalization"
"137","disgraceful"
"138","appalling"
"139","despicable"
"140","demonizing"
"141","hypocritical"
"142","reprehensible"
"143","shameless"
"144","incitation"
"145","nauseating"
"146","absurd"
"147","disingenious"
"148","intellectualising"
"149","baldfaced"
"150","overdramatizing"
"151","laughable"
"152","ghastly"
"153","distasteful"
"154","villifying"
"155","blatant"
"156","insidious"
"157","carteresque"
"158","witchhunting"
"159","frightening"
"160","alluded"
"161","lamented"
"162","bemoans"
"163","laments"
"164","lamenting"
"165","unconcerned"
"166","bemoaned"
"167","castigated"
"168","castigates"
"169","decries"
"170","dismisses"
"171","lambasts"
"172","intimated"
"173","excoriates"
"174","lambasted"
"175","scolds"
"176","blathers"
"177","railed"
"178","decried"
"179","berated"
"180","chided"
"181","criticizes"
"182","oblivious"
"183","condems"
"184","chides"
"185","derides"
"186","unrepentent"
"187","chastises"
"188","fulminated"
"189","mocked"
"190","bewails"
"191","castigating"
"192","blathered"
"193","criticsed"
"194","despises"
"195","impassionate"
"196","mocks"
"197","assails"
"198","ranted"
"199","belittled"
"200","rubbishes"
"201","berates"
"202","retorted"
"203","lionise"
"204","chastised"
"205","alluding"
"206","bemoaning"
"207","excoriated"
"208","denounces"
"209","udbkl"
"210","slaughterhouse"
"211","ambiguousness"
"212","cdmhy"
"213","sordidly"
"214","speciesist"
"215","astonishments"
"216","moralizer"
"217","iwebe"
"218","tawdrier"
"219","pskxf"
"220","piggishness"
"221","kinkiness"
"222","sordidness"
"223","nefariousness"
"224","entanglements"
"225","deviltry"
"226","incestuous"
"227","thuggy"
"228","ridiculing"
"229","criticizing"
"230","insulting"
"231","criticize"
"232","lambasting"
"233","insult"
"234","ridicules"
"235","belittling"
"236","politicises"
"237","demonises"
"238","denigrating"
"239","unstatesmanlike"
"240","undermining"
"241","rebuked"
"242","denigrated"
"243","disrespecting"
"244","vilifying"
"245","mockery"
"246","lambast"
"247","criticized"
"248","crticised"
"249","bullyboy"
"250","chastising"
"251","scandalizing"
"252","ridiculed"
"253","pilloried"
"254","lampooned"
"255","misguides"
"256","denouncing"
"257","dimwittedness"
"258","nonracist"
"259","wishfulness"
"260","uncurious"
"261","exceptionalism"
"262","ignorant"
"263","ethnocentricity"
"264","unafrican"
"265","dejevsky"
"266","defeatest"
"267","ineloquent"
"268","reactionism"
"269","naôve"
"270","accommodationist"
"271","embarrassed"
"272","racism"
"273","euphemize"
"274","unsympathetic"
"275","racialize"
"276","discrimination"
"277","demeaned"
"278","politicized"
"279","egoistical"
"280","misconceive"
"281","emasculates"
"282","despise"
"283","ilive"
"284","hypocritcal"
"285","villainizing"
"286","abjuring"
"287","popularism"
"288","naysay"
"289","perverse"
"290","infantilize"
"291","islamophobic"
"292","incite"
"293","homophobic"
"294","repugnant"
"295","offended"
"296","cowardness"
"297","revolting"
"298","islamaphobic"
"299","seditious"
"300","antireligious"
"301","inciting"
"302","impoliteness"
"303","misogynous"
"304","apostasy"
"305","underhandedness"
"306","instigations"
"307","splittists"
"308","contemptible"
"309","premediated"
"310","wrongheadedness"
"311","illiberal"
"312","antithetical"
"313","solipsist"
"314","wrongheaded"
"315","obtuse"
"316","anathema"
"317","literalistic"
"318","pernicious"
"319","determinist"
"320","stalinistic"
"321","loathsome"
"322","nonsensical"
"323","unclever"
"324","moralistically"
"325","unfalsifiable"
"326","dogmatist"
"327","obamian"
"328","ludicrous"
"329","intolerant"
"330","tyrrany"
"331","uncompassionate"
"332","callousness"
"333","patriarchic"
"334","predjudice"
"335","intolerantly"
"336","infantilise"
"337","unjust"
"338","disempowers"
"339","unjustice"
"340","multiculturalists"
"341","oppressed"
"342","murderous"
"343","foredoomed"
"344","disuniting"
"345","undeterrable"
"346","tyrannizing"
"347","hitleresque"
"348","superpatriots"
"349","jihadic"
"350","truckling"
"351","saddamism"
"352","revanchists"
"353","tyranical"
"354","rapine"
"355","islamicized"
"356","rabblerousing"
"357","warmakers"
"358","megalomanic"
"359","eliminationist"
"360","disavowing"
"361","mullahcracy"
"362","detestable"
"363","conspiratory"
"364","righteous"
"365","mobocracy"
"366","causeless"
"367","unrepressed"
"368","mindlessness"
"369","rageful"
"370","sensibleness"
"371","injustice"
"372","gratuitousness"
"373","heedlessness"
"374","deviant"
"375","vengefulness"
"376","desperations"
"377","puniness"
"378","devilishness"
"379","wilfulness"
"380","marshbaum"
"381","mookiethecat"
"382","overreactive"
"383","blunting"
"384","mmfa"
"385","idiocracy"
"386","ethnocracy"
"387","fascistic"
"388","personalistic"
"389","delusory"
"390","exclusionism"
"391","illiberalism"
"392","intelligencia"
"393","selfserving"
"394","oppression"
"395","harassment"
"396","racist"
"397","tyrannise"
"398","racists"
"399","persecution"
"400","harrassment"
"401","opressed"
"402","facism"
"403","descrimination"
"404","hateful"
"405","bigots"
"406","extremisms"
"407","immiseration"
"408","indoctrinators"
"409","discourtesies"
"410","slddf"
"411","opprobrious"
"412","belittlement"
"413","rascist"
"414","bigoted"
"415","voilence"
"416","dilettantism"
"417","decry"
"418","prevaricators"
"419","insiderism"
"420","promiscuity"
"421","fatuousness"
"422","infantilisation"
"423","hellbound"
"424","miscomprehension"
"425","credulousness"
"426","roguery"
"427","deride"
"428","stigmatises"
"429","carping"
"430","sneering"
"431","vacuousness"
"432","trumpeted"
"433","jackassery"
"434","harlotry"
"435","shamelessness"
"436","vaunting"
"437","ostentatiousness"
"438","faulted"
"439","villainized"
"440","ignored"
"441","undermined"
"442","subverted"
"443","misguided"
"444","disingenuous"
"445","demonized"
"446","pandered"
"447","hypocrisy"
"448","colluded"
"449","derided"
"450","kowtowing"
"451","complicit"
"452","assailed"
"453","disparaged"
"454","blatantly"
"455","kowtowed"
"456","resented"
"457","overrates"
"458","ignoring"
"459","strangely"
"460","foolish"
"461","unmodern"
"462","unspiritual"
"463","narcissistically"
"464","unsound"
"465","unuseful"
"466","inefficacious"
"467","syllogistic"
"468","irrational"
"469","crashingly"
"470","irreducibly"
"471","indeed"
"472","uncaused"
"473","unhistorical"
"474","unevolved"
"475","incommunicable"
"476","perfectible"
"477","unwise"
"478","ungifted"
"479","reductionistic"
"480","amoral"
"481","naiive"
"482","inconceivable"
"483","sophism"
"484","foolhardy"
"485","repulsively"
"486","thunderingly"
"487","utterly"
"488","satiricus"
"489","purblind"
"490","irredeemably"
"491","assailable"
"492","paganistic"
"493","draconian"
"494","onerous"
"495","repressive"
"496","cetoloni"
"497","unfairnesses"
"498","boogyman"
"499","delegitimate"
"500","propaganda"
"501","indoctrinate"
"502","propagandizes"
"503","islamofacist"
"504","ideology"
"505","disinform"
"506","rhetoric"
"507","brainwashing"
"508","preachments"
"509","indoctrinations"
"510","demonize"
"511","annihilationist"
"512","propagandists"
"513","islamofacism"
"514","politization"
"515","demagogues"
"516","ideaology"
"517","indoctrination"
"518","demagoguery"
"519","sinisterism"
"520","parochialism"
"521","shylocks"
"522","racisim"
"523","pcism"
"524","casteism"
"525","racisms"
"526","bigotry"
"527","judeophobia"
"528","antisemites"
"529","culturalism"
"530","lumpens"
"531","minorityism"
"532","jingoism"
"533","sophistries"
"534","murderousness"
"535","miseducated"
"536","cultureless"
"537","romanticization"
"538","classism"
"539","moghuls"
"540","vile"
"541","vulgar"
"542","spiteful"
"543","meanspirited"
"544","hurtful"
"545","rude"
"546","disrespectful"
"547","vitriolic"
"548","disrepectful"
"549","hatefully"
"550","overfriendly"
"551","disgusting"
"552","racialist"
"553","slanderous"
"554","vindictive"
"555","indecorous"
"556","demeaning"
"557","bigotted"
"558","insulter"
"559","demeans"
"560","infuriates"
"561","irksome"
"562","stifled"
"563","frustrates"
"564","annoys"
"565","pinheaded"
"566","silly"
"567","captious"
"568","flusters"
"569","enrages"
"570","unseemly"
"571","blantantly"
"572","condescending"
"573","belaboured"
"574","pettily"
"575","badger"
"576","crass"
"577","irks"
"578","stupid"
"579","pathetic"
"580","pettiness"
"581","purposelessly"
"582","uncaringly"
"583","disrespectable"
"584","riles"
"585","petrifies"
"586","unintellectual"
"587","prevaricates"
"588","pompousness"
"589","standoffishness"
"590","bellicose"
"591","mccainism"
"592","trumanesque"
"593","homophobia"
"594","rankism"
"595","cliquishness"
"596","permissiveness"
"597","transphobia"
"598","violence"
"599","biphobia"
"600","heterosexist"
"601","transexuality"
"602","morality"
"603","othering"
"604","godlessness"
"605","heteronormative"
"606","heteronormativity"
"607","anomic"
"608","immorality"
"609","homosexualism"
"610","sectarianism"
"611","hatred"
"612","hatered"
"613","barbarianism"
"614","intolerance"
"615","pauperism"
"616","unkindness"
"617","tribalism"
"618","selfishness"
"619","ungratefulness"
"620","unchristian"
"621","piousness"
"622","immoral"
"623","disloyalty"
"624","unchristian"
"625","hatefulness"
"626","tribalistic"
"627","scolding"
"628","complains"
"629","berating"
"630","scandalizes"
"631","whining"
"632","berate"
"633","embarrasses"
"634","badmouths"
"635","appalls"
"636","badgering"
"637","intimidates"
"638","complain"
"639","harrassing"
"640","intolerable"
"641","hectoring"
"642","mouthings"
"643","flabbergasts"
"644","ostracizes"
"645","wary"
"646","unscrupulous"
"647","connive"
"648","watchful"
"649","ensnared"
"650","avaricious"
"651","cannier"
"652","collude"
"653","zealous"
"654","conspicuous"
"655","scrupulous"
"656","warier"
"657","rapacious"
"658","urgers"
"659","vigilant"
"660","contibuting"
"661","hoodwinks"
"662","shrewed"
"663","exerting"
"664","concerned"
"665","machiavellian"
"666","connived"
"667","greedy"
"668","envious"
"669","cahoots"
"670","chary"
"671","mindful"
"672","devious"
"673","bastardising"
"674","nefarious"
"675","averse"
"676","irresponsive"
"677","unforthcoming"
"678","unaccommodating"
"679","irked"
"680","ahistoric"
"681","critcised"
"682","overhasty"
"683","antipathetic"
"684","beleaguering"
"685","unstrategic"
"686","inimical"
"687","unprogressive"
"688","stultification"
"689","indifferent"
"690","ensnarement"
"691","unfocussed"
"692","inharmonious"
"693","protracts"
"694","stultified"
"695","bewailing"
"696","maladapted"
"697","contradictive"
"698","hamstrung"
"699","disobliging"
"700","unbritish"
"701","temporized"
"702","reifying"
"703","destabilizing"
"704","destablizing"
"705","baneful"
"706","hegemonic"
"707","conflating"
"708","destructive"
"709","uneducable"
"710","unamerican"
"711","ethnocentric"
"712","thuggishness"
"713","repressively"
"714","uncivilized"
"715","brigandish"
"716","rightous"
"717","fuggedaboudit"
"718","philander"
"719","psychoanalyzing"
"720","slay"
"721","misunderestimating"
"722","hypnotized"
"723","teepen"
"724","hornswoggle"
"725","whoremonger"
"726","pandering"
"727","hypnotize"
"728","luggiero"
"729","hate"
"730","unreligious"
"731","hating"
"732","overgeneralization"
"733","hurtfulness"
"734","stigmatizing"
"735","intolerants"
"736","villification"
"737","europhobic"
"738","unimpressed"
"739","cynical"
"740","disconcerting"
"741","churlish"
"742","flippant"
"743","sensible"
"744","schoolmasterly"
"745","nonplussed"
"746","sanguine"
"747","bemused"
"748","sneery"
"749","discomfited"
"750","phlegmatic"
"751","schoolboyish"
"752","ironic"
"753","glib"
"754","preposterous"
"755","phallocentric"
"756","speciously"
"757","mythologising"
"758","habitude"
"759","blatancy"
"760","perversion"
"761","perpetuator"
"762","loathesome"
"763","diabolism"
"764","merely"
"765","speciousness"
"766","archaism"
"767","fetishising"
"768","spitefulness"
"769","intellectualised"
"770","depersonalised"
"771","affronting"
"772","prissiness"
"773","imperialism"
"774","subjugation"
"775","voicelessness"
"776","racialization"
"777","divisionary"
"778","counterproductively"
"779","ineffectuality"
"780","ideologized"
"781","dehumanisation"
"782","depravations"
"783","propagandistic"
"784","demagoging"
"785","lickspittles"
"786","mendacious"
"787","teapartiers"
"788","simpleminded"
"789","obamacrats"
"790","resent"
"791","abhor"
"792","detest"
"793","contemptuous"
"794","maligns"
"795","henpecking"
"796","disabuses"
"797","fumed"
"798","resents"
"799","angers"
"800","clueless"
"801","infuriated"
"802","impugns"
"803","tsk"
"804","reviling"
"805","nutsy"
"806","detesting"
"807","bother"
"808","insulted"
"809","savage"
"810","explicit"
"811","misogyny"
"812","misogynistic"
"813","antisemite"
"814","misogynist"
"815","bloviated"
"816","unsayable"
"817","shamefulness"
"818","cruelness"
"819","yobbishness"
"820","sourpusses"
"821","bellyached"
"822","hyperboles"
"823","justifiably"
"824","expostulated"
"825","grousers"
"826","harrumphs"
"827","anglophobia"
"828","grumping"
"829","cavilling"
"830","outshouted"
"831","incredulousness"
"832","grumble"
"833","presumptious"
"834","shamefull"
"835","unislamic"
"836","thaaththa"
"837","antinomian"
"838","incommensurability"
"839","monistic"
"840","radicalizes"
"841","dualist"
"842","ignores"
"843","denudes"
"844","delusive"
"845","unchastity"
"846","placate"
"847","rankled"
"848","appease"
"849","miff"
"850","angered"
"851","carped"
"852","stung"
"853","infuriate"
"854","mollify"
"855","snub"
"856","nettled"
"857","miffed"
"858","chagrin"
"859","incensed"
"860","rankle"
"861","doubtless"
"862","enamour"
"863","antagonized"
"864","peeved"
"865","irk"
"866","toadie"
"867","evidently"
"868","displease"
"869","horsewhipped"
"870","appeasing"
"871","embarrass"
"872","grumbled"
"873","understatement"
"874","diddled"
"875","flummoxed"
"876","surely"
"877","unhorsed"
"878","enraged"
"879","confounded"
"880","irritated"
"881","understandably"
"882","largesse"
"883","brazened"
"884","despised"
"885","galling"
"886","rebuff"
"887","immoderation"
"888","pathologize"
"889","neoconservativism"
"890","theocons"
"891","antiscience"
"892","dominionist"
"893","obamans"
"894","liberalist"
"895","aghast"
"896","unmoved"
"897","appalled"
"898","dumbfounded"
"899","callous"
"900","deterred"
"901","baffled"
"902","disgusted"
"903","horrified"
"904","outraged"
"905","freenow##"
"906","dismayed"
"907","discouraged"
"908","pktly"
"909","outrages"
"910","perfidies"
"911","usurpation"
"912","wearies"
"913","betrays"
"914","uncheckable"
"915","dopiness"
"916","hyperventilates"
"917","posturings"
"918","dissembles"
"919","oversimplifying"
"920","profligate"
"921","uncanadian"
"922","cowed"
"923","craven"
"924","grandstanders"
"925","suppliant"
"926","intransigent"
"927","circumspect"
"928","relent"
"929","blundering"
"930","unchastened"
"931","ambivalent"
"932","vexing"
"933","vexed"
"934","preoccupied"
"935","calamitous"
"936","insistent"
"937","transfix"
"938","francophobia"
"939","obstinate"
"940","unsettling"
"941","resolute"
"942","goading"
"943","inevitable"
"944","glooming"
"945","exasperating"
"946","fredalo"
"947","poed"
"948","gaucherie"
"949","kafuffle"
"950","degradingly"
"951","sexist"
"952","taboos"
"953","dehumanizing"
"954","islamophobia"
"955","nonexplicit"
"956","stereotyping"
"957","anticonstitutional"
"958","mccarthyist"
"959","xenophobic"
"960","xenophobia"
"961","vindictiveness"
"962","reactionaryism"
"963","weirdly"
"964","fetishizes"
"965","attitudinizing"
"966","unrelatable"
"967","clowny"
"968","twistedly"
"969","hypermasculine"
"970","curiously"
"971","humorlessness"
"972","maundering"
"973","solipsistic"
"974","uptightness"
"975","lunkheaded"
"976","misandrist"
"977","sluttiness"
"978","oddly"
"979","unbeautiful"
"980","outsiderness"
"981","fetishization"
"982","swiftian"
"983","fetishizing"
"984","overdetermined"
"985","lionizes"
"986","unaffecting"
"987","fetishize"
"988","feministic"
"989","quiddity"
"990","uncynical"
"991","gooderism"
"992","substanceless"
"993","unironically"
"994","cloddish"
"995","duplicity"
"996","jingoist"
"997","euphemized"
"998","vulgarian"
"999","demagogic"
"1000","insensitiveness"
"1001","inveigh"
"1002","antifeminist"
"1003","idolisation"
"1004","arrogance"
"1005","chauvinism"
"1006","racialism"
"1007","hostility"
"1008","churlishness"
"1009","nativism"
"1010","triumphalism"
"1011","supremacism"
"1012","abominable"
"1013","abhorrent"
"1014","odious"
"1015","repulsive"
"1016","idiotic"
"1017","wantonly"
"1018","prate"
"1019","unquestioning"
"1020","dehumanised"
"1021","singlemindedness"
"1022","pharisaical"
"1023","infantilization"
"1024","unpunctuality"
"1025","pathologizing"
"1026","confrontative"
"1027","hyperpartisanship"
"1028","complicitous"
"1029","warmongering"
"1030","busheviks"
"1031","mexicanization"
"1032","scapegoating"
"1033","obamaites"
"1034","doublespeak"
"1035","unprincipled"
"1036","demonization"
"1037","inveighing"
"1038","tyranny"
"1039","extremism"
"1040","radicalism"
"1041","despotism"
"1042","tyrannical"
"1043","imperialist"
"1044","fundamentalism"
"1045","autocracy"
"1046","despotic"
"1047","fascism"
"1048","monopolism"
"1049","anarchical"
"1050","oppressor"
"1051","adharma"
"1052","communalist"
"1053","depoliticisation"
"1054","economism"
"1055","imperialistic"
"1056","obscurantism"
"1057","brahminism"
"1058","communalists"
"1059","hindutva"
"1060","communalism"
"1061","hegemonistic"
"1062","oppressive"
"1063","humourlessness"
"1064","sinful"
"1065","credulous"
"1066","strangelovian"
"1067","blusters"
"1068","doltish"
"1069","scorns"
"1070","befuddled"
"1071","deluded"
"1072","grovels"
"1073","patronizingly"
"1074","popinjay"
"1075","palinesque"
"1076","mulish"
"1077","loony"
"1078","fatuous"
"1079","unassertive"
"1080","nutty"
"1081","humorless"
"1082","prissily"
"1083","ishly"
"1084","mountebank"
"1085","beckian"
"1086","obsequious"
"1087","perfervid"
"1088","priggish"
"1089","condescendingly"
"1090","vapidly"
"1091","defies"
"1092","undermines"
"1093","undercuts"
"1094","disrupts"
"1095","cripples"
"1096","subverts"
"1097","flouts"
"1098","impedes"
"1099","mollifies"
"1100","confounds"
"1101","infantilizes"
"1102","demoralises"
"1103","coarsens"
"1104","pacifies"
"1105","ingratiates"
"1106","mesmerises"
"1107","dampens"
"1108","curtails"
"1109","entraps"
"1110","overshadows"
"1111","clichd"
"1112","belies"
"1113","transcends"
"1114","hinders"
"1115","disregards"
"1116","deadens"
"1117","abandons"
"1118","thrums"
"1119","cossetting"
"1120","derange"
"1121","threatens"
"1122","accustoms"
"1123","enfeebles"
"1124","deprives"
"1125","marginalizes"
"1126","sullies"
"1127","unpeaceful"
"1128","bewitchment"
"1129","debases"
"1130","enlivens"
"1131","patronises"
"1132","complicates"
"1133","denigrate"
"1134","plainly"
"1135","overanalyse"
"1136","pander"
"1137","villify"
"1138","denegrate"
"1139","ignore"
"1140","patently"
"1141","contrary"
"1142","wanton"
"1143","overreach"
"1144","stooges"
"1145","apologists"
"1146","misunderestimate"
"1147","incitement"
"1148","provoke"
"1149","embitters"
"1150","reprisal"
"1151","suaudeau"
"1152","forment"
"1153","destabilized"
"1154","wittingly"
"1155","ridiculous"
"1156","unkind"
"1157","outrageous"
"1158","tactless"
"1159","livid"
"1160","affronted"
"1161","disparaging"
"1162","unamused"
"1163","ungentlemanly"
"1164","unchivalrous"
"1165","narked"
"1166","unbecoming"
"1167","derisive"
"1168","lewd"
"1169","mortified"
"1170","rankles"
"1171","embarrassing"
"1172","derisive"
"1173","unspoken"
"1174","bothering"
"1175","thinky"
"1176","philosophise"
"1177","cavalier"
"1178","inept"
"1179","naieve"
"1180","disengenuous"
"1181","loathe"
"1182","inexcusable"
"1183","unamerican"
"1184","gutless"
"1185","downplays"
"1186","insinuating"
"1187","insinuated"
"1188","insinuate"
"1189","sugarcoats"
"1190","mythologize"
"1191","actressy"
"1192","lumpish"
"1193","tempermental"
"1194","imperiousness"
"1195","goatish"
"1196","coquettishness"
"1197","unpretty"
"1198","unstarry"
"1199","clubbable"
"1200","lecher"
"1201","genial"
"1202","wildean"
"1203","braggart"
"1204","overbearingly"
"1205","eggheaded"
"1206","daffiness"
"1207","stumblebum"
"1208","grumbler"
"1209","sybarite"
"1210","irascibility"
"1211","fearsomely"
"1212","bloodbath"
"1213","grandstanding"
"1214","bureaucratize"
"1215","singularly"
"1216","unbeholden"
"1217","antistate"
"1218","dishonorable"
"1219","crassest"
"1220","scandalous"
"1221","fitnah"
"1222","trivializing"
"1223","gheraos"
"1224","preponderates"
"1225","communalisation"
"1226","antitrade"
"1227","enfeeblement"
"1228","islamicisation"
"1229","islamizing"
"1230","ghettoising"
"1231","unwinable"
"1232","repressiveness"
"1233","delegitimisation"
"1234","europeanize"
"1235","acquiesence"
"1236","blamelessness"
"1237","unmasked"
"1238","nonbelieving"
"1239","moralizing"
"1240","couth"
"1241","sanctimonious"
"1242","redemptively"
"1243","priggishness"
"1244","saintly"
"1245","sanctimoniousness"
"1246","compassion"
"1247","reproachful"
"1248","chastisements"
"1249","vrwc"
"1250","shamnesty"
"1251","obamabots"
"1252","hypocrites"
"1253","hypocracy"
"1254","dissembler"
"1255","zionism"
"1256","christophobia"
"1257","underplay"
"1258","sermonise"
"1259","overstate"
"1260","gainsay"
"1261","insist"
"1262","belittle"
"1263","repression"
"1264","vilification"
"1265","embitterment"
"1266","detestation"
"1267","incitements"
"1268","emnity"
"1269","bully"
"1270","arrogant"
"1271","underdog"
"1272","villainously"
"1273","unwomanly"
"1274","unentertaining"
"1275","liberals"
"1276","hypocrit"
"1277","amorally"
"1278","loathes"
"1279","unheeding"
"1280","befuddles"
"1281","guileless"
"1282","defy"
"1283","brazenly"
"1284","cocksure"
"1285","trammelled"
"1286","unpoetic"
"1287","ambitionless"
"1288","heartless"
"1289","regretting"
"1290","censorious"
"1291","displeased"
"1292","perturbed"
"1293","unapologetic"
"1294","mortifies"
"1295","nauseate"
"1296","abominate"
"1297","evil"
"1298","malevolent"
"1299","knowthe"
"1300","formenting"
"1301","counterproductive"
"1302","uncouth"
"1303","violent"
"1304","adulteresses"
"1305","lynches"
"1306","disturbed"
"1307","condemns"
"1308","lambastes"
"1309","rebuking"
"1310","denounced"
"1311","flays"
"1312","chastise"
"1313","condemn"
"1314","hypocritically"
"1315","criticizing"
"1316","condemned"
"1317","condemning"
"1318","castigate"
"1319","pacification"
"1320","outdo"
"1321","christianisation"
"1322","disunite"
"1323","legitimisation"
"1324","delegitimise"
"1325","fissiparous"
"1326","islamising"
"1327","phantasmal"
"1328","ostensible"
"1329","contentless"
"1330","incomprehensible"
"1331","inarticulateness"
"1332","vacuous"
"1333","dubiousness"
"1334","insubstantiality"
"1335","prigs"
"1336","toadying"
"1337","feckless"
"1338","guttersnipes"
"1339","alas"
"1340","heedless"
"1341","blither"
"1342","numskulls"
"1343","corrosive"
"1344","depraved"
"1345","patriarchy"
"1346","brutalises"
"1347","prejudices"
"1348","braggy"
"1349","dittohead"
"1350","fearmonger"
"1351","unskilled"
"1352","pauperised"
"1353","communalized"
"1354","pauperized"
"1355","uneducated"
"1356","trickeries"
"1357","tamashas"
"1358","egotistic"
"1359","naifs"
"1360","gulled"
"1361","hyeof"
"1362","disloyal"
"1363","overthrow"
"1364","godless"
"1365","thuggish"
"1366","destablising"
"1367","escalatory"
"1368","destabilization"
"1369","unacceptable"
"1370","irresponsible"
"1371","provocative"
"1372","hatemongering"
"1373","regressives"
"1374","repugnancy"
"1375","unconfessed"
"1376","fallenness"
"1377","unuttered"
"1378","consumeristic"
"1379","abasement"
"1380","unfreedom"
"1381","frivolousness"
"1382","libertinism"
"1383","chosenness"
"1384","merciless"
"1385","betrayed"
"1386","punishing"
"1387","pains"
"1388","vulnerable"
"1389","immolates"
"1390","blaspheme"
"1391","mongerer"
"1392","chauvinist"
"1393","falsifier"
"1394","sinister"
"1395","brownshirt"
"1396","mischievous"
"1397","neocolonialist"
"1398","divisionist"
"1399","perjorative"
"1400","triangulator"
"1401","perverted"
"1402","contemptibly"
"1403","villainize"
"1404","pretend"
"1405","skewering"
"1406","bsing"
"1407","wolffe"
"1408","irony"
"1409","trivialises"
"1410","tawdriness"
"1411","subjugates"
"1412","cuckoldry"
"1413","denigrates"
"1414","eroticised"
"1415","deprecates"
"1416","dutifully"
"1417","uncritically"
"1418","sedulously"
"1419","adulating"
"1420","apathetically"
"1421","hagiographers"
"1422","rightbloggers"
"1423","blithely"
"1424","haughtiest"
"1425","casually"
"1426","credulously"
"1427","prudishly"
"1428","impersonally"
"1429","predictably"
"1430","perfunctorily"
"1431","gleefully"
"1432","boorishly"
"1433","militarising"
"1434","barbarism"
"1435","terrrorism"
"1436","bloodshed"
"1437","bloodsheds"
"1438","triumphalists"
"1439","europhobes"
"1440","centralists"
"1441","counterpose"
"1442","legitimating"
"1443","rebarbative"
"1444","paradoxically"
"1445","lament"
"1446","affront"
"1447","bemoan"
"1448","meddling"
"1449","frustrated"
"1450","overcautious"
"1451","bureaucracy"
"1452","decrying"
"1453","complaining"
"1454","chafed"
"1455","micromanagement"
"1456","unconservative"
"1457","unwisdom"
"1458","disingenuity"
"1459","fetishised"
"1460","vilely"
"1461","unfettered"
"1462","grubbiness"
"1463","unquotable"
"1464","disagreeably"
"1465","dourness"
"1466","mimsy"
"1467","unoffensive"
"1468","prolix"
"1469","sentimentalised"
"1470","odiously"
"1471","contradictorily"
"1472","hyperbolized"
"1473","unthoughtful"
"1474","boorish"
"1475","spiting"
"1476","pffft"
"1477","uneccessary"
"1478","damned"
"1479","chafes"
"1480","stifles"
"1481","exert"
"1482","stymies"
"1483","resists"
"1484","spurns"
"1485","exerts"
"1486","dismays"
"1487","rejects"
"1488","shuns"
"1489","kowtows"
"1490","valorizes"
"1491","rebuffs"
"1492","belittles"
"1493","backpedals"
"1494","acquiesces"
"1495","panders"
"1496","distrusts"
"1497","disdains"
"1498","overwhelms"
"1499","straitjacketing"
"1500","restrains"
"1501","enfeebling"
"1502","overreaches"
"1503","maddening"
"1504","bemusing"
"1505","perplexing"
"1506","discomfiting"
"1507","pedantic"
"1508","puzzling"
"1509","peculiar"
"1510","vagary"
"1511","puerile"
"1512","risible"
"1513","pompous"
"1514","mystifying"
"1515","bizarre"
"1516","fogeyish"
"1517","lamentable"
"1518","fundamentalists"
"1519","islamaphobes"
"1520","islamicists"
"1521","zealotry"
"1522","christianism"
"1523","accommodationists"
"1524","religionist"
"1525","athiests"
"1526","fanaticism"
"1527","dogmatists"
"1528","theocrat"
"1529","sexists"
"1530","patronizing"
"1531","antisemitic"
"1532","unashamed"
"1533","brazening"
"1534","unrepentant"
"1535","undaunted"
"1536","apeing"
"1537","dunderheaded"
"1538","undiscerning"
"1539","coercions"
"1540","manifestly"
"1541","nationalistically"
"1542","malfeasant"
"1543","enfeeble"
"1544","scandalize"
"1545","hubris"
"1546","perfidy"
"1547","vainglory"
"1548","mendacity"
"1549","cynicism"
"1550","stupidity"
"1551","unreason"
"1552","simplemindedness"
"1553","knavery"
"1554","unthinking"
"1555","unpleasing"
"1556","oversweet"
"1557","viler"
"1558","lechers"
"1559","rabidity"
"1560","theocon"
"1561","faggotry"
"1562","whackjob"
"1563","totalitarian"
"1564","hegemony"
"1565","enlightened"
"1566","presentism"
"1567","tyrannies"
"1568","terrible"
"1569","colossal"
"1570","unfathomable"
"1571","cringeing"
"1572","unthankful"
"1573","folly"
"1574","slothfulness"
"1575","unthinkable"
"1576","seething"
"1577","pitiful"
"1578","nightmare"
"1579","unforgivable"
"1580","dumbfounds"
"1581","bewail"
"1582","damnable"
"1583","fuming"
"1584","pathologized"
"1585","unmannerly"
"1586","reckless"
"1587","quailed"
"1588","rogered"
"1589","thoughtless"
"1590","blitheness"
"1591","overexaggerated"
"1592","misunderstand"
"1593","exaggerates"
"1594","belie"
"1595","underplayed"
"1596","misreading"
"1597","misrepresents"
"1598","undersells"
"1599","disregarding"
"1600","irrelevant"
"1601","exaggerated"
"1602","exaggerating"
"1603","misunderstands"
"1604","contradicts"
"1605","understating"
"1606","disturbs"
"1607","underplays"
"1608","raceless"
"1609","unassimilable"
"1610","intelligensia"
"1611","existentialists"
"1612","corrupt"
"1613","undemocratic"
"1614","corruptness"
"1615","meanness"
"1616","cowardice"
"1617","racialists"
"1618","overemotional"
"1619","mudslinger"
"1620","unladylike"
"1621","prevaricator"
"1622","wigger"
"1623","hypocrite"
"1624","chickenshit"
"1625","wimp"
"1626","panderer"
"1627","complacent"
"1628","fazed"
"1629","intimidated"
"1630","waver"
"1631","undeterred"
"1632","restrained"
"1633","unfazed"
"1634","passioned"
"1635","appeased"
"1636","vincible"
"1637","timid"
"1638","undismayed"
"1639","emboldened"
"1640","flinch"
"1641","confrontationally"
"1642","childish"
"1643","pedantically"
"1644","stoically"
"1645","sensationalisation"
"1646","demagogical"
"1647","adhocism"
"1648","highhanded"
"1649","constitutionalized"
"1650","inveighed"
"1651","misinforms"
"1652","irreligious"
"1653","analogizing"
"1654","unpersuasively"
"1655","pointedly"
"1656","warring"
"1657","delegitimizes"
"1658","smacks"
"1659","eviscerates"
"1660","overgenerous"
"1661","unhinges"
"1662","undercut"
"1663","lugubriousness"
"1664","positing"
"1665","refutable"
"1666","prolife"
"1667","posits"
"1668","tpers"
"1669","prochoice"
"1670","restrictionist"
"1671","birtherism"
"1672","definitionally"
"1673","iders"
"1674","communitarians"
"1675","christianist"
"1676","repugs"
"1677","truthy"
"1678","postracial"
"1679","liquidviagra"
"1680","originalists"
"1681","paleocon"
"1682","illegals"
"1683","essentialism"
"1684","reductionists"
"1685","paleos"
"1686","empiricists"
"1687","vociferously"
"1688","overzealously"
"1689","amusing"
"1690","comical"
"1691","befuddling"
"1692","paradox"
"1693","frustrating"
"1694","absurdity"
"1695","embarrassment"
"1696","managerialism"
"1697","naïvete"
"1698","obfuscatory"
"1699","dictatorial"
"1700","paternalistic"
"1701","antilabor"
"1702","thoughtcrime"
"1703","proselytisation"
"1704","muddleheaded"
"1705","ignorants"
"1706","idots"
"1707","libruls"
"1708","guvmint"
"1709","tenthers"
"1710","rethuglicans"
"1711","eeeevil"
"1712","shitheads"
"1713","whimps"
"1714","chimères"
"1715","slimeballs"
"1716","asininity"
"1717","scorn"
"1718","disdain"
"1719","pillory"
"1720","vilified"
"1721","spinelessness"
"1722","lionising"
"1723","inuendo"
"1724","skeeved"
"1725","incestual"
"1726","posited"
"1727","canonizes"
"1728","undebatable"
"1729","bullshitters"
"1730","deceitful"
"1731","meretricious"
"1732","squeamishly"
"1733","insidiously"
"1734","dissemblers"
"1735","libertines"
"1736","oppress"
"1737","satans"
"1738","morals"
"1739","intervenes"
"1740","capitulates"
"1741","demurs"
"1742","expunges"
"1743","repudiates"
"1744","relents"
"1745","reformable"
"1746","disowns"
"1747","fanaticisms"
"1748","immobilism"
"1749","palestinianism"
"1750","heckling"
"1751","incited"
"1752","taunting"
"1753","rile"
"1754","instigating"
"1755","snidey"
"1756","coarsen"
"1757","sentimentalise"
"1758","embitter"
"1759","overemphasizes"
"1760","overblown"
"1761","russophobia"
"1762","delusionary"
"1763","unappeasable"
"1764","bloodthirstiness"
"1765","sociologically"
"1766","illegitimacy"
"1767","detrimental"
"1768","bemoaning"
"1769","detriment"
"1770","endangers"
"1771","bahaviour"
"1772","illogical"
"1773","conscionable"
"1774","unmask"
"1775","expedient"
"1776","infamies"
"1777","unenthused"
"1778","tiresome"
"1779","charade"
"1780","strenuous"
"1781","dutiful"
"1782","overexplain"
"1783","importune"
"1784","invective"
"1785","hyperbole"
"1786","vilifications"
"1787","offends"
"1788","narrowminded"
"1789","pity"
"1790","hmmph"
"1791","fingerpoint"
"1792","sympathetic"
"1793","utter"
"1794","grandiloquence"
"1795","posturing"
"1796","unseemliness"
"1797","subterfuge"
"1798","unscrutinized"
"1799","bombast"
"1800","chumminess"
"1801","secretiveness"
"1802","bluster"
"1803","ethnicism"
"1804","retrogressive"
"1805","sectionalism"
"1806","depoliticising"
"1807","gainsaid"
"1808","majoritarianism"
"1809","negativists"
"1810","ethnicised"
"1811","compassionless"
"1812","spineless"
"1813","secularising"
"1814","divisionism"
"1815","talibanise"
"1816","elide"
"1817","irenic"
"1818","sophistic"
"1819","murdochian"
"1820","infantilising"
"1821","marginalize"
"1822","discredited"
"1823","assert"
"1824","benthamite"
"1825","wretched"
"1826","whiniest"
"1827","cattiest"
"1828","hideous"
"1829","kookiest"
"1830","succubi"
"1831","hound"
"1832","necrophiliacs"
"1833","exorcizing"
"1834","hogarthian"
"1835","anthropomorphise"
"1836","sordid"
"1837","discimination"
"1838","extremist"
"1839","politicalization"
"1840","detested"
"1841","bothered"
"1842","perplexed"
"1843","venal"
"1844","cowardly"
"1845","lunatic"
"1846","backslidden"
"1847","pious"
"1848","monomaniac"
"1849","wrathful"
"1850","wayward"
"1851","toropchina"
"1852","goad"
"1853","crucify"
"1854","goaded"
"1855","slays"
"1856","punish"
"1857","enamor"
"1858","duplicitous"
"1859","obscurantist"
"1860","nonrational"
"1861","corruptive"
"1862","colludes"
"1863","unscrupulousness"
"1864","pettier"
"1865","unpalatable"
"1866","inhere"
"1867","picayune"
"1868","chiding"
"1869","dittoed"
"1870","downplayed"
"1871","praising"
"1872","demurring"
"1873","chastizing"
"1874","obliquely"
"1875","loathing"
"1876","ugliness"
"1877","condescension"
"1878","animus"
"1879","gutlessness"
"1880","ingratitude"
"1881","liberalism"
"1882","alienate"
"1883","moral"
"1884","enormities"
"1885","overshadow"
"1886","bizarrely"
"1887","palpably"
"1888","peculiarly"
"1889","disturbingly"
"1890","nevertheless"
"1891","similarly"
"1892","perversely"
"1893","vaguely"
"1894","rightly"
"1895","unsurprisingly"
"1896","abidingly"
"1897","nonetheless"
"1898","distressingly"
"1899","somewhat"
"1900","fuzzily"
"1901","passingly"
"1902","unsatisfyingly"
"1903","gloriously"
"1904","absurdly"
"1905","dispiritingly"
"1906","moreover"
"1907","forgivably"
"1908","clearly"
"1909","disconcertingly"
"1910","surprisingly"
"1911","shockingly"
"1912","scarcely"
"1913","conspicuously"
"1914","mystifyingly"
"1915","astonishingly"
"1916","confoundedly"
"1917","amusingly"
"1918","overpoweringly"
"1919","genuinely"
"1920","yawningly"
"1921","risibly"
"1922","undeniably"
"1923","terribly"
"1924","admittedly"
"1925","vexingly"
"1926","characteristically"
"1927","overpowers"
"1928","stifle"
"1929","thrashes"
"1930","suffocates"
"1931","stifling"
"1932","pauperisation"
"1933","insecurity"
"1934","lawlessness"
"1935","marginalization"
"1936","tribalised"
"1937","impoverishment"
"1938","brutalisation"
"1939","terrorization"
"1940","ungovernability"
"1941","transgresses"
"1942","justifies"
"1943","deplores"
"1944","doubleness"
"1945","abhors"
"1946","misogynists"
"1947","beaurocracy"
"1948","overmighty"
"1949","bothers"
"1950","irritates"
"1951","annoying"
"1952","irritating"
"1953","nusiance"
"1954","inconstancy"
"1955","intemperance"
"1956","dishonesties"
"1957","tendentiousness"
"1958","sinisterists"
"1959","dastard"
"1960","sympathy"
"1961","ridicule"
"1962","contumely"
"1963","opprobrium"
"1964","indignation"
"1965","dislike"
"1966","goodism"
"1967","solicitousness"
"1968","hotheadedness"
"1969","unreformable"
"1970","enchained"
"1971","traduced"
"1972","delegitimized"
"1973","fatalists"
"1974","disingenous"
"1975","dodginess"
"1976","inculpate"
"1977","instigate"
"1978","coopt"
"1979","armtwist"
"1980","habouring"
"1981","armtwisting"
"1982","colluding"
"1983","vilify"
"1984","pussyfooted"
"1985","potray"
"1986","dictatorially"
"1987","mendaciously"
"1988","lackeys"
"1989","cretinous"
"1990","traitorous"
"1991","congresscritters"
"1992","prod"
"1993","bashing"
"1994","browbeat"
"1995","weaseling"
"1996","pompus"
"1997","snivel"
"1998","rethugs"
"1999","dickish"
"2000","unpolitical"
"2001","sophistical"
"2002","conspiratorial"
"2003","provocation"
"2004","humiliation"
"2005","harangue"
"2006","troublemaker"
"2007","upbraiding"
"2008","tirade"
"2009","disrespect"
"2010","admonishing"
"2011","insults"
"2012","belligerant"
"2013","reproach"
"2014","outburts"
"2015","rebuke"
"2016","tactlessness"
"2017","castigations"
"2018","petulant"
"2019","disgrace"
"2020","taunts"
"2021","castigation"
"2022","jeering"
"2023","vicious"
"2024","barbaric"
"2025","condemnatory"
"2026","devolutionist"
"2027","papists"
"2028","pigheaded"
"2029","insensitive"
"2030","blinkered"
"2031","unhappy"
"2032","scoffs"
"2033","apocolyptic"
"2034","immutable"
"2035","excrescence"
"2036","dehumanise"
"2037","detests"
"2038","demonizes"
"2039","legitimizing"
"2040","insinuates"
"2041","elides"
"2042","hyperbolize"
"2043","unpardonable"
"2044","backslider"
"2045","troglodytic"
"2046","wickedness"
"2047","injustices"
"2048","foolishness"
"2049","denunciatory"
"2050","commonplaces"
"2051","banally"
"2052","unnuanced"
"2053","rawly"
"2054","dreadful"
"2055","woeful"
"2056","miserable"
"2057","abject"
"2058","ftrw"
"2059","strifes"
"2060","oppresses"
"2061","distorts"
"2062","jingo"
"2063","sneer"
"2064","rotters"
"2065","tosspot"
"2066","lumpenproletariat"
"2067","booboisie"
"2068","underclass"
"2069","sleazes"
"2070","unassimilated"
"2071","malcontented"
"2072","libtard"
"2073","execration"
"2074","sterotype"
"2075","parvenus"
"2076","doling"
"2077","bolshevism"
"2078","barbarisms"
"2079","bestiality"
"2080","unkindest"
"2081","ashamedly"
"2082","strident"
"2083","sphinxlike"
"2084","ensnare"
"2085","fearful"
"2086","cruel"
"2087","uncomfortable"
"2088","inappropriate"
"2089","unchaste"
"2090","discriminatory"
"2091","obscene"
"2092","browbeats"
"2093","reproves"
"2094","deludes"
"2095","coddles"
"2096","brutalizes"
"2097","alludes"
"2098","exagerrated"
"2099","perceived"
"2100","terrorised"
"2101","petrified"
"2102","appal"
"2103","terrified"
"2104","imiz"
"2105","ruthless"
"2106","undermine"
"2107","slams"
"2108","lauds"
"2109","derail"
"2110","miscalculates"
"2111","trashes"
"2112","upstages"
"2113","backfire"
"2114","scuttles"
"2115","unreasoned"
"2116","shamefully"
"2117","boorishness"
"2118","putridity"
"2119","gloating"
"2120","traducing"
"2121","snideness"
"2122","villified"
"2123","illusioned"
"2124","multilateralists"
"2125","cocksureness"
"2126","relativize"
"2127","communalization"
"2128","insensitivities"
"2129","bureaucratization"
"2130","disfunctionality"
